path,asset,source_url_or_ref,source_page,retrieved_utc,bytes,sha256,note
dist/assets/brand/logo/athar-logo-horizontal-official.862dc135e3.png,athar-logo-horizontal-official,"Athar_Logo_Horizontal_transparent_v1.png (Athar_Brand_Asset_Pack_v3, Google Drive / SharePoint)",pack / media library,2026-10-04,266005,862dc135e31fdd6299bd7cd989d2ce869fdf4803773791f67052548f26cbd1ab,"OFFICIAL — primary (Deep Ocean ink, transparent) — the pack file, bytes unchanged"
dist/assets/brand/logo/athar-logo-horizontal-primary-1600.f7fc85d259.png,athar-logo-horizontal-primary-1600,"Athar_Logo_Horizontal_transparent_v1.png (Athar_Brand_Asset_Pack_v3, Google Drive / SharePoint)",pack / media library,2026-10-04,75188,f7fc85d25964293848d27b0d3189318873c7c20236e45d5be8f7df76f6e4922c,"OFFICIAL (display copy) — primary — Deep Ocean on light grounds (Ivory 12.11:1 · Sand 6.24:1), downscaled to 1600 px"
dist/assets/brand/logo/athar-logo-horizontal-reversed.6ddd8ba877.png,athar-logo-horizontal-reversed,"Athar_Logo_Horizontal_transparent_v1.png (Athar_Brand_Asset_Pack_v3, Google Drive / SharePoint)",pack / media library,2026-10-04,84183,6ddd8ba87780f55641ec2c4da2687b786d09d99e91f279fe4b37695b59cf0745,DERIVED FROM OFFICIAL LOGO — reversed — Ivory mark + Champagne Gold wordmark on Deep Ocean (mark 12.11:1 · wordmark 4.52:1; guidelines 2.4 / 2.12)
dist/assets/brand/logo/athar-logo-horizontal-ivory.5247ca2805.png,athar-logo-horizontal-ivory,"Athar_Logo_Horizontal_transparent_v1.png (Athar_Brand_Asset_Pack_v3, Google Drive / SharePoint)",pack / media library,2026-10-04,81671,5247ca280599e867535a07ef6eb46b2bba0c7b3357e39c6575f59a4e98333488,DERIVED FROM OFFICIAL LOGO — all-Ivory lockup — on Emerald (6.41:1; guidelines 2.12)
dist/assets/brand/logo/athar-logo-horizontal-mono-black.13604b8c87.png,athar-logo-horizontal-mono-black,"Athar_Logo_Horizontal_transparent_v1.png (Athar_Brand_Asset_Pack_v3, Google Drive / SharePoint)",pack / media library,2026-10-04,46863,13604b8c87e37e867a43d1c1357ad2a92ef8e76eda0fd4fc78f8171aaac27750,"DERIVED FROM OFFICIAL LOGO — monochrome black — single-colour print, black on white (21.00:1; guidelines 2.5)"
dist/assets/brand/logo/athar-logo-horizontal-mono-white.e84c3a1574.png,athar-logo-horizontal-mono-white,"Athar_Logo_Horizontal_transparent_v1.png (Athar_Brand_Asset_Pack_v3, Google Drive / SharePoint)",pack / media library,2026-10-04,50345,e84c3a1574a8a6cf63b9e29eb49dc54c1e76a1519f6d6043c3dc3f560f9b1a36,DERIVED FROM OFFICIAL LOGO — monochrome white — single-colour reversed (guidelines 2.5)
dist/assets/brand/logo/athar-monogram-deep-ocean.8a68c3db50.png,athar-monogram-deep-ocean,"Athar_Logo_Horizontal_transparent_v1.png (Athar_Brand_Asset_Pack_v3, Google Drive / SharePoint)",pack / media library,2026-10-04,74529,8a68c3db50d6fd06159453ac9860c29c00fc734ab241cd0ff511c61898803d1d,"DERIVED FROM OFFICIAL LOGO — monogram — the Arabic mark alone, Deep Ocean (guidelines 2.6; x = 1/6 of the mark height)"
dist/assets/brand/logo/athar-monogram-champagne-gold.7d2a6c89b6.png,athar-monogram-champagne-gold,"Athar_Logo_Horizontal_transparent_v1.png (Athar_Brand_Asset_Pack_v3, Google Drive / SharePoint)",pack / media library,2026-10-04,84434,7d2a6c89b607c40aa6191ef040f1b94c91b2373060740779176d19b0048b01f8,"DERIVED FROM OFFICIAL LOGO — monogram — Champagne Gold, reversed on Deep Ocean / limestone signage (guidelines 2.6, 2.12)"
dist/assets/brand/mood/athar-mood-board-key-visual.022b7bc5aa.jpg,athar-mood-board-key-visual,image_picker_2FEAA08B-…1A58.jpg (media library) — identified as the 1290 × 1909 mood board of the guidelines (swatch columns 1006–1084 sample to the palette HEX),pack / media library,2026-10-04,275278,022b7bc5aaac70c9b58531fd1c376b4fa5bfe74481afcabbc805482e0a9e6caa,PACK ASSET — Mood board — the approved key visual (guidelines 5.1); its five right-edge swatches are the palette
dist/assets/brand/gallery/wireframe-p04-overview@2x.0c487fab5b.webp,wireframe-p04-overview,"Athar_Wireframes_and_Screens_v1.pdf (26 pp., Web app OD_v1.25, 27 Sep 2026) — page rendered at 144 dpi (2x)",pack / media library,2026-10-04,54366,0c487fab5b06fda895b11879bda3b2f182c24765499e5d2e41ddb8610bf68652,"PACK ASSET — webp2x — Wireframe · Overview — credits, six live metrics, activity, grants, plugins, storage, models (p. 4)"
dist/assets/brand/gallery/wireframe-p04-overview@1x.2f97c8148a.webp,wireframe-p04-overview,"Athar_Wireframes_and_Screens_v1.pdf (26 pp., Web app OD_v1.25, 27 Sep 2026) — page rendered at 144 dpi (2x)",pack / media library,2026-10-04,21272,2f97c8148a3b2c58b5893cf5de898205362c40e7ceb3fa083176dccbaff4a445,"PACK ASSET — webp1x — Wireframe · Overview — credits, six live metrics, activity, grants, plugins, storage, models (p. 4)"
dist/assets/brand/gallery/wireframe-p04-overview.7100c0dbc3.jpg,wireframe-p04-overview,"Athar_Wireframes_and_Screens_v1.pdf (26 pp., Web app OD_v1.25, 27 Sep 2026) — page rendered at 144 dpi (2x)",pack / media library,2026-10-04,115801,7100c0dbc30b9b3a73f297e62db4dbe7d48054ce45d4f367637d43106fd56385,"PACK ASSET — jpg — Wireframe · Overview — credits, six live metrics, activity, grants, plugins, storage, models (p. 4)"
dist/assets/brand/gallery/wireframe-p04-overview@2x.a7c7389294.png,wireframe-p04-overview,"Athar_Wireframes_and_Screens_v1.pdf (26 pp., Web app OD_v1.25, 27 Sep 2026) — page rendered at 144 dpi (2x)",pack / media library,2026-10-04,279281,a7c73892944aca4a15a3cf0c19ed188eccd521bd40cc710df9fbab4a47f0d0c3,"PACK ASSET — png2x — Wireframe · Overview — credits, six live metrics, activity, grants, plugins, storage, models (p. 4)"
dist/assets/brand/gallery/screens-p09-overview-en@2x.85e30aba37.webp,screens-p09-overview-en,"Athar_Wireframes_and_Screens_v1.pdf (26 pp., Web app OD_v1.25, 27 Sep 2026) — page rendered at 144 dpi (2x)",pack / media library,2026-10-04,64352,85e30aba37222a830e2b08d53f0d9087669b549c1ab78617265d47ba8ac5b76c,"PACK ASSET — webp2x — Screens · Overview — English, light beside dark (p. 9)"
dist/assets/brand/gallery/screens-p09-overview-en@1x.3e010b0f2a.webp,screens-p09-overview-en,"Athar_Wireframes_and_Screens_v1.pdf (26 pp., Web app OD_v1.25, 27 Sep 2026) — page rendered at 144 dpi (2x)",pack / media library,2026-10-04,23376,3e010b0f2a2317f4014a6aae975fa85363c0ffb99fec01589802a91eb78d9010,"PACK ASSET — webp1x — Screens · Overview — English, light beside dark (p. 9)"
dist/assets/brand/gallery/screens-p09-overview-en.1866ba41c8.jpg,screens-p09-overview-en,"Athar_Wireframes_and_Screens_v1.pdf (26 pp., Web app OD_v1.25, 27 Sep 2026) — page rendered at 144 dpi (2x)",pack / media library,2026-10-04,127282,1866ba41c8939a9408aef59c364b0e52993009f96a4ccf87cb265fe4b8deadba,"PACK ASSET — jpg — Screens · Overview — English, light beside dark (p. 9)"
dist/assets/brand/gallery/screens-p09-overview-en@2x.1cf9e905d0.png,screens-p09-overview-en,"Athar_Wireframes_and_Screens_v1.pdf (26 pp., Web app OD_v1.25, 27 Sep 2026) — page rendered at 144 dpi (2x)",pack / media library,2026-10-04,356894,1cf9e905d0592e7860b2f854cbef1488b396fc383ae380f69aaf494dfe831d68,"PACK ASSET — png2x — Screens · Overview — English, light beside dark (p. 9)"
dist/assets/brand/gallery/screens-p16-agent-flow-builder@2x.22daf9f84c.webp,screens-p16-agent-flow-builder,"Athar_Wireframes_and_Screens_v1.pdf (26 pp., Web app OD_v1.25, 27 Sep 2026) — page rendered at 144 dpi (2x)",pack / media library,2026-10-04,36566,22daf9f84c77d481317d60c3248a10890d5939b2992546e6e9b6ae4497d9fea1,PACK ASSET — webp2x — Screens · Agent Flow Builder — multi-agent flows on a canvas (p. 16)
dist/assets/brand/gallery/screens-p16-agent-flow-builder@1x.57da969dd6.webp,screens-p16-agent-flow-builder,"Athar_Wireframes_and_Screens_v1.pdf (26 pp., Web app OD_v1.25, 27 Sep 2026) — page rendered at 144 dpi (2x)",pack / media library,2026-10-04,13920,57da969dd64753c09bc5f4fa6c8da1b0a90293db6c8bfdbd0704548b1e3d36a2,PACK ASSET — webp1x — Screens · Agent Flow Builder — multi-agent flows on a canvas (p. 16)
dist/assets/brand/gallery/screens-p16-agent-flow-builder.75a8083505.jpg,screens-p16-agent-flow-builder,"Athar_Wireframes_and_Screens_v1.pdf (26 pp., Web app OD_v1.25, 27 Sep 2026) — page rendered at 144 dpi (2x)",pack / media library,2026-10-04,81277,75a808350518fbafc73d1a5c0a1b074c2f66a9007856e4facedddfcda0ece306,PACK ASSET — jpg — Screens · Agent Flow Builder — multi-agent flows on a canvas (p. 16)
dist/assets/brand/gallery/screens-p16-agent-flow-builder@2x.cd9e535679.png,screens-p16-agent-flow-builder,"Athar_Wireframes_and_Screens_v1.pdf (26 pp., Web app OD_v1.25, 27 Sep 2026) — page rendered at 144 dpi (2x)",pack / media library,2026-10-04,214419,cd9e535679f3cb1b4a104af6164fbc9d190ac0da76a4cc104cf1601862dea735,PACK ASSET — png2x — Screens · Agent Flow Builder — multi-agent flows on a canvas (p. 16)
dist/assets/brand/gallery/screens-p18-overview-ar@2x.24aa2a0922.webp,screens-p18-overview-ar,"Athar_Wireframes_and_Screens_v1.pdf (26 pp., Web app OD_v1.25, 27 Sep 2026) — page rendered at 144 dpi (2x)",pack / media library,2026-10-04,64506,24aa2a0922065359ac470a95af16d5bdfa6ab422004361c2cf3ac3165eb8c6e0,"PACK ASSET — webp2x — Screens · Overview — Arabic RTL, light beside dark (p. 18)"
dist/assets/brand/gallery/screens-p18-overview-ar@1x.1a1108462f.webp,screens-p18-overview-ar,"Athar_Wireframes_and_Screens_v1.pdf (26 pp., Web app OD_v1.25, 27 Sep 2026) — page rendered at 144 dpi (2x)",pack / media library,2026-10-04,24260,1a1108462fb3538de484e0d7ef868df5b9be2d1e93aefbe8b218180283032821,"PACK ASSET — webp1x — Screens · Overview — Arabic RTL, light beside dark (p. 18)"
dist/assets/brand/gallery/screens-p18-overview-ar.23761ba8ae.jpg,screens-p18-overview-ar,"Athar_Wireframes_and_Screens_v1.pdf (26 pp., Web app OD_v1.25, 27 Sep 2026) — page rendered at 144 dpi (2x)",pack / media library,2026-10-04,129135,23761ba8aebbf7561ef5043d918549c735e2cbecdf0a09112b8022f1d410d92a,"PACK ASSET — jpg — Screens · Overview — Arabic RTL, light beside dark (p. 18)"
dist/assets/brand/gallery/screens-p18-overview-ar@2x.fe752011b1.png,screens-p18-overview-ar,"Athar_Wireframes_and_Screens_v1.pdf (26 pp., Web app OD_v1.25, 27 Sep 2026) — page rendered at 144 dpi (2x)",pack / media library,2026-10-04,348782,fe752011b13393b3c2806f2d03585986492a079625d1acb3f546f4b7f88cd891,"PACK ASSET — png2x — Screens · Overview — Arabic RTL, light beside dark (p. 18)"
dist/assets/brand/gallery/agent-avatar-system-v2@2x.858ca22147.webp,agent-avatar-system-v2,athar_web_agent_avatar_system_v2.jpg (Athar_Brand_Asset_Pack_v3),pack / media library,2026-10-04,110062,858ca22147d6e073562dc797749881636bd43c038ec8b3a7b5f55207e9090099,"PACK ASSET — webp2x — Agent avatar system v2 — six personas (Guide · Clerk · Scout · Tutor · Translator · Steward) at 96 / 48 / 24 px, four states"
dist/assets/brand/gallery/agent-avatar-system-v2@1x.fc6e8f8445.webp,agent-avatar-system-v2,athar_web_agent_avatar_system_v2.jpg (Athar_Brand_Asset_Pack_v3),pack / media library,2026-10-04,43632,fc6e8f84455265125f0faa5a6c2a4855ce976772d869ba20cc0cfa1d623a8ae2,"PACK ASSET — webp1x — Agent avatar system v2 — six personas (Guide · Clerk · Scout · Tutor · Translator · Steward) at 96 / 48 / 24 px, four states"
dist/assets/brand/gallery/agent-avatar-system-v2.d99f6bf802.jpg,agent-avatar-system-v2,athar_web_agent_avatar_system_v2.jpg (Athar_Brand_Asset_Pack_v3),pack / media library,2026-10-04,183767,d99f6bf8020bd9e7dff49c88f78b24ec09a802f01dc5946ba76e2aaa55d2f2dd,"PACK ASSET — jpg — Agent avatar system v2 — six personas (Guide · Clerk · Scout · Tutor · Translator · Steward) at 96 / 48 / 24 px, four states"
dist/assets/brand/gallery/render-stationery-flat-lay@2x.7b3702442a.webp,render-stationery-flat-lay,"render-flatlay.png (generated render, agents library)",pack / media library,2026-10-04,57518,7b3702442a215fd14a53ba9fe57d1b84e1bc05f8d9b122d5a450a5561a982bb3,"CONCEPT RENDER — webp2x — Stationery flat-lay — official logo composited onto the reserved zones (letterhead, navy cards, ivory card, badge, notebook) — 6 logo placement(s): Pillow alpha_composite of the official horizontal lockup (recoloured from the alpha layer, colours from brand-tokens.json) onto flat blank zones detected deterministically (local std < 3 over 12-px blocks); zone luminance picks the variant: light zones → Deep Ocean lockup, dark/navy zones → Ivory mark + Champagne Gold wordmark"
dist/assets/brand/gallery/render-stationery-flat-lay@1x.c0edce2134.webp,render-stationery-flat-lay,"render-flatlay.png (generated render, agents library)",pack / media library,2026-10-04,18376,c0edce2134a803e3e25a5a2e29eee48c35af1e13afffd4ebfda4c824f805f8cc,"CONCEPT RENDER — webp1x — Stationery flat-lay — official logo composited onto the reserved zones (letterhead, navy cards, ivory card, badge, notebook) — 6 logo placement(s): Pillow alpha_composite of the official horizontal lockup (recoloured from the alpha layer, colours from brand-tokens.json) onto flat blank zones detected deterministically (local std < 3 over 12-px blocks); zone luminance picks the variant: light zones → Deep Ocean lockup, dark/navy zones → Ivory mark + Champagne Gold wordmark"
dist/assets/brand/gallery/render-stationery-flat-lay.7ecc6ef883.jpg,render-stationery-flat-lay,"render-flatlay.png (generated render, agents library)",pack / media library,2026-10-04,143003,7ecc6ef8839a966138a6c5141f7f51bc80f00367f6a2f2af8bc3846a0deb1859,"CONCEPT RENDER — jpg — Stationery flat-lay — official logo composited onto the reserved zones (letterhead, navy cards, ivory card, badge, notebook) — 6 logo placement(s): Pillow alpha_composite of the official horizontal lockup (recoloured from the alpha layer, colours from brand-tokens.json) onto flat blank zones detected deterministically (local std < 3 over 12-px blocks); zone luminance picks the variant: light zones → Deep Ocean lockup, dark/navy zones → Ivory mark + Champagne Gold wordmark"
dist/assets/brand/gallery/render-reception-kiosk@2x.9670e7fcc8.webp,render-reception-kiosk,"render-kiosk.png (generated render, agents library)",pack / media library,2026-10-04,104266,9670e7fcc8ce82b298dc3651b4fec24ed4a0f41ebd584d30c0307ff410cf9b78,"CONCEPT RENDER — webp2x — Reception-lobby kiosk — official logo composited onto the kiosk header panel — 1 logo placement(s): Pillow alpha_composite of the official horizontal lockup (recoloured from the alpha layer, colours from brand-tokens.json) onto flat blank zones detected deterministically (local std < 3 over 12-px blocks); zone luminance picks the variant: light zones → Deep Ocean lockup, dark/navy zones → Ivory mark + Champagne Gold wordmark"
dist/assets/brand/gallery/render-reception-kiosk@1x.c3f21cac22.webp,render-reception-kiosk,"render-kiosk.png (generated render, agents library)",pack / media library,2026-10-04,49486,c3f21cac22da2060cd131beed103df46feea8c7a4ff2ba035a44919050cec668,"CONCEPT RENDER — webp1x — Reception-lobby kiosk — official logo composited onto the kiosk header panel — 1 logo placement(s): Pillow alpha_composite of the official horizontal lockup (recoloured from the alpha layer, colours from brand-tokens.json) onto flat blank zones detected deterministically (local std < 3 over 12-px blocks); zone luminance picks the variant: light zones → Deep Ocean lockup, dark/navy zones → Ivory mark + Champagne Gold wordmark"
dist/assets/brand/gallery/render-reception-kiosk.ddf19d13dc.jpg,render-reception-kiosk,"render-kiosk.png (generated render, agents library)",pack / media library,2026-10-04,186220,ddf19d13dc83d2a94a6d859fa7e5912d59cfa4a3451eb12872d3b8b897686379,"CONCEPT RENDER — jpg — Reception-lobby kiosk — official logo composited onto the kiosk header panel — 1 logo placement(s): Pillow alpha_composite of the official horizontal lockup (recoloured from the alpha layer, colours from brand-tokens.json) onto flat blank zones detected deterministically (local std < 3 over 12-px blocks); zone luminance picks the variant: light zones → Deep Ocean lockup, dark/navy zones → Ivory mark + Champagne Gold wordmark"
dist/assets/brand/gallery/render-laptop-phone-dashboard@2x.76dd14ac83.webp,render-laptop-phone-dashboard,"ohVo7cVcwn.png (editImageUsing2.5 of render-laptop-phone.png — neutral UAE-style waterfront skyline; generated render, agents library)",editImageUsing2.5 output (agents library),2026-10-04,94904,76dd14ac8329e03f908ccc29f8aef8225a8db766c452fe7620aa94e4c9db5b73,CONCEPT RENDER — v1.7.3 pinned أثر monogram composite (56 px) at x414 y540; reproducible: scripts/v1.7.3/recomposite_laptop_render.py --verify
dist/assets/brand/gallery/render-laptop-phone-dashboard@1x.74893cb52a.webp,render-laptop-phone-dashboard,"ohVo7cVcwn.png (editImageUsing2.5 of render-laptop-phone.png — neutral UAE-style waterfront skyline; generated render, agents library)",editImageUsing2.5 output (agents library),2026-10-04,40894,74893cb52a18ca26a6484da21a25243b73119c2da9d95277ef937c387019eafd,CONCEPT RENDER — v1.7.3 pinned أثر monogram composite (56 px) at x414 y540; reproducible: scripts/v1.7.3/recomposite_laptop_render.py --verify
dist/assets/brand/gallery/render-laptop-phone-dashboard.9840e43bdd.jpg,render-laptop-phone-dashboard,"ohVo7cVcwn.png (editImageUsing2.5 of render-laptop-phone.png — neutral UAE-style waterfront skyline; generated render, agents library)",editImageUsing2.5 output (agents library),2026-10-04,173838,9840e43bdd584ca29620ea18a5baa04f99fa3f5322858639196350df6872b768,CONCEPT RENDER — v1.7.3 pinned أثر monogram composite (56 px) at x414 y540; reproducible: scripts/v1.7.3/recomposite_laptop_render.py --verify
dist/assets/brand/gallery/render-brand-background-tile@2x.809bc68748.webp,render-brand-background-tile,"render-brand-tile.png (generated render, agents library)",pack / media library,2026-10-04,56036,809bc687484777fa155a645e43599f59bd3c2a33c6301b16da4abff8b839fa80,CONCEPT RENDER — webp2x — Abstract brand background tile — the Section 10 backdrop
dist/assets/brand/gallery/render-brand-background-tile@1x.ee209d46ad.webp,render-brand-background-tile,"render-brand-tile.png (generated render, agents library)",pack / media library,2026-10-04,20730,ee209d46ade0957341318a3e0a45afb7ffcc8cac411b7566c4321625dd563e65,CONCEPT RENDER — webp1x — Abstract brand background tile — the Section 10 backdrop
dist/assets/brand/gallery/render-brand-background-tile.8a8130beab.jpg,render-brand-background-tile,"render-brand-tile.png (generated render, agents library)",pack / media library,2026-10-04,127732,8a8130beabbb8945569450ba7425b58ddce880f0e04fe83aebd476035240cf02,CONCEPT RENDER — jpg — Abstract brand background tile — the Section 10 backdrop
dist/assets/brand/fonts/IBMPlexSans-Medium.f6a8a187ac.woff2,IBMPlexSans-Medium,"github.com/google/fonts (main) ofl/ibmplexsans/IBMPlexSans[wdth,wght].ttf (instanced wght=500, wdth=100)",google/fonts (OFL 1.1),2026-10-04,18940,f6a8a187ac0ad6ed50f4001fe3d5dd779a1576706939f0d1cae3f9de0f3b0f55,IBM Plex Sans
dist/assets/brand/fonts/IBMPlexSansArabic-Medium.d10159458e.woff2,IBMPlexSansArabic-Medium,github.com/google/fonts (main) ofl/ibmplexsansarabic/IBMPlexSansArabic-Medium.ttf,google/fonts (OFL 1.1),2026-10-04,51904,d10159458e8cfdb840f2b1463f90167a5be57393a7bdaa400fde553d30e52d2b,IBM Plex Sans Arabic
dist/assets/brand/fonts/CormorantGaramond-Light.ccc6cb322e.woff2,CormorantGaramond-Light,github.com/google/fonts (main) ofl/cormorantgaramond/CormorantGaramond[wght].ttf,google/fonts (OFL 1.1),2026-10-04,36276,ccc6cb322e2e29625e7a3e87bdde6b9502fbb0b7a2f1f4db479863f6278a8470,Cormorant Garamond
dist/assets/brand/fonts/CormorantGaramond-Regular.fe7c426643.woff2,CormorantGaramond-Regular,github.com/google/fonts (main) ofl/cormorantgaramond/CormorantGaramond[wght].ttf,google/fonts (OFL 1.1),2026-10-04,38528,fe7c426643cb6602baa415c0de2ae515c7d10fe311bc67608b3d558c25591013,Cormorant Garamond
dist/assets/brand/fonts/CormorantGaramond-LightItalic.888380eaa5.woff2,CormorantGaramond-LightItalic,github.com/google/fonts (main) ofl/cormorantgaramond/CormorantGaramond-Italic[wght].ttf,google/fonts (OFL 1.1),2026-10-04,27184,888380eaa5a48ddde73ed4f249f9895d40158907851f2c96406f720e452b4a20,Cormorant Garamond
dist/assets/brand/fonts/IBMPlexMono-Regular.3742991142.woff2,IBMPlexMono-Regular,github.com/google/fonts (main) ofl/ibmplexmono/IBMPlexMono-Regular.ttf,google/fonts (OFL 1.1),2026-10-04,10348,374299114218907012aec823f176dbc383b69489a4a44e1ae48b30feda04a93a,IBM Plex Mono
dist/assets/brand/fonts/IBMPlexSansArabic-Light.3327209b93.woff2,IBMPlexSansArabic-Light,github.com/google/fonts (main) ofl/ibmplexsansarabic/IBMPlexSansArabic-Light.ttf,google/fonts (OFL 1.1),2026-10-04,51600,3327209b937da0a575aeb5f649789272f95709d4b656535c4da29ff4f26fb6b7,IBM Plex Sans Arabic Light
dist/audio/guide/slides/NAR-s50-s-brand-foundations.mp3,Section 10 guide clip NAR-s50 (EN) — slide 46 s-brand-foundations,"ElevenLabs textToSpeech via On Demand 'Elevan Labs Agent' — George JBFqnCBsd6RMkjVDRZzb, eleven_multilingual_v2, language en, generationRef KhCEzjPjoq",generated,2026-10-04,646208,e5e54164f05894b137bb067f4de2dc7b8c3e172c63d9d338e53623199d1221eb,"ElevenLabs Scribe (speechToText, scribe_v1, language en) on the rendered clip — normalised word error rate 0.038 (104 script words / 103 transcribed)"
dist/audio/guide/slides/NAR-s50-s-brand-foundations.ar.mp3,Section 10 guide clip NAR-s50-ar (AR) — slide 46 s-brand-foundations,"ElevenLabs textToSpeech via On Demand 'Elevan Labs Agent' — George JBFqnCBsd6RMkjVDRZzb, eleven_multilingual_v2, language ar, generationRef 3Z3dh67exn",generated,2026-10-04,676302,00afcb5772691ef7a0dfd2b1a03960d1d8ed75b8b8012f21d8ab147f09943146,"ElevenLabs Scribe (speechToText, scribe_v1, language ar) on the rendered clip — normalised word error rate 0.064 (78 script words / 77 transcribed)"
dist/audio/guide/slides/NAR-s52-s-brand-typography.mp3,Section 10 guide clip NAR-s52 (EN) — slide 47 s-brand-typography,"ElevenLabs textToSpeech via On Demand 'Elevan Labs Agent' — George JBFqnCBsd6RMkjVDRZzb, eleven_multilingual_v2, ref xaEoowESL4",generated this run (v1.7.3),2026-10-04,555511,c10c3b08cef605a8c31074cae6e79896dafe686f3eaa27b933362d49b9527abb,"ElevenLabs Scribe (speechToText, scribe_v1, language en) on the rendered clip — normalised word error rate 0.000 (79 script words / 79 transcribed)"
dist/audio/guide/slides/NAR-s52-s-brand-typography.ar.mp3,Section 10 guide clip NAR-s52-ar (AR) — slide 47 s-brand-typography,"ElevenLabs textToSpeech via On Demand 'Elevan Labs Agent' — George JBFqnCBsd6RMkjVDRZzb, eleven_multilingual_v2, ref aJGif8hEBS",generated this run (v1.7.3),2026-10-04,602741,e7daae5472fdb52629bc2752f6fdbd4b8f530cf2d04988dbce4cb153c15370c8,"ElevenLabs Scribe (speechToText, scribe_v1, language ar) on the rendered clip — raw word error rate 0.324 (74 script words / 66 transcribed): Scribe writes the "
dist/audio/guide/slides/NAR-s51-s-brand-gallery.mp3,Section 10 guide clip NAR-s51 (EN) — slide 48 s-brand-gallery,"ElevenLabs textToSpeech via On Demand 'Elevan Labs Agent' — George JBFqnCBsd6RMkjVDRZzb, eleven_multilingual_v2, language en, generationRef 00h6EWGleY",generated,2026-10-04,655822,605790ab73429c2eee2f5d89c92131cb51abe8cc5ca278b62d8c231efbcbf095,"ElevenLabs Scribe (speechToText, scribe_v1, language en) on the rendered clip — normalised word error rate 0.042 (96 script words / 91 transcribed)"
dist/audio/guide/slides/NAR-s51-s-brand-gallery.ar.mp3,Section 10 guide clip NAR-s51-ar (AR) — slide 48 s-brand-gallery,"ElevenLabs textToSpeech via On Demand 'Elevan Labs Agent' — George JBFqnCBsd6RMkjVDRZzb, eleven_multilingual_v2, language ar, generationRef 6DAAZ12PNS",generated,2026-10-04,659583,6633fc9f683992582894d96620b27e7ab460bf4856b603b9782066bb59cc0b3f,"ElevenLabs Scribe (speechToText, scribe_v1, language ar) on the rendered clip — normalised word error rate 0.046 (65 script words / 65 transcribed)"
dist/js/brand-data.js,"GENERATED by scripts/v1.7.1/brand-sync.mjs — window.AtharBrandData (tokens, colour system by name, gallery sets, personas)",pact-deck/features/brand + scripts/v1.7.1 + scripts/v1.7.2,repo,2026-10-04,77069,0ed36177a4b73e914e3edc7a1f75d37b3f2c1f7d858deaead648429e9b8f3a9e,v1.7.2
dist/assets/brand-fonts.css,GENERATED @font-face for the seven self-hosted OFL faces + --brand-font-en/--brand-font-ar fallback stacks,pact-deck/features/brand + scripts/v1.7.1 + scripts/v1.7.2,repo,2026-10-04,1619,7d315a240e71ea9b9729ae8f209d7cdb8ae4b5c69c0136e4890c261a503c5dc4,v1.7.2
dist/js/brand-section.js,runtime module — section 10 Brand (slides 46–48),pact-deck/features/brand + scripts/v1.7.1 + scripts/v1.7.2,repo,2026-10-04,49117,35f841fabd64a3148697476b5ae2b54e29eef49048cd2aa30f159b3640dc94a9,v1.7.2
dist/assets/brand-section.css,"stylesheet — section 10 Brand (var(--br-*) only, no HEX)",pact-deck/features/brand + scripts/v1.7.1 + scripts/v1.7.2,repo,2026-10-04,28488,89ed5fb9c4e3e497741271716707ec630048e88e3d2c4d630e43399588f118f2,v1.7.2
"(source, not in repo) brand-tokens.json",input file as downloaded this run,signed media-library URL (expires 2026-10-11),media library,2026-10-04,122308,a98f2cdab00047cbd3accb9f31f56ce8b5c903cb4b4877853f7385b4ee1c7ece,recorded for provenance only
"(source, not in repo) Athar_Brand_Guidelines_FINAL.pdf",input file as downloaded this run,signed media-library URL (expires 2026-10-11),media library,2026-10-04,5713818,dacc193b4a4169ee85741525850542c6dade950ddbdc8dc1a21b3a608c7f9abd,recorded for provenance only
"(source, not in repo) Athar_Brand_Guidelines_FINAL_v3.pdf",input file as downloaded this run,signed media-library URL (expires 2026-10-11),media library,2026-10-04,11042043,cd826c2d752505db3e0d608093ab2c06973621b2653e9805dc1fb1d92b556c46,recorded for provenance only
"(source, not in repo) Athar_Logo_Horizontal_transparent_v1.png",input file as downloaded this run,signed media-library URL (expires 2026-10-11),media library,2026-10-04,266005,862dc135e31fdd6299bd7cd989d2ce869fdf4803773791f67052548f26cbd1ab,recorded for provenance only
"(source, not in repo) athar_web_agent_avatar_system_v2.jpg",input file as downloaded this run,signed media-library URL (expires 2026-10-11),media library,2026-10-04,239725,ab86c0149cf28b24f779859dddcb778c096c7e0437e722ddac8f28af4b0e198a,recorded for provenance only
"(source, not in repo) moodboard.jpg",input file as downloaded this run,signed media-library URL (expires 2026-10-11),media library,2026-10-04,441359,65c12612fee242ea110ff27fb5145e8bfb4b1fd134ba674ea29318c36bf4f356,recorded for provenance only
"(source, not in repo) Athar_Wireframes_and_Screens_v1.pdf",input file as downloaded this run,signed media-library URL (expires 2026-10-11),media library,2026-10-04,9745265,e3a0e12b870c3a44e26524790d1b7e66ca816e5d6fabc5e1cea9071bcaabd2ba,recorded for provenance only
"(source, not in repo) brand-asset-manifest.csv",input file as downloaded this run,signed media-library URL (expires 2026-10-11),media library,2026-10-04,23007,b5aee85a33336e17f972c04fdf5bdef86fdc79d27ce8f3e77073353b713472e8,recorded for provenance only
"(source, not in repo) render-kiosk.png",input file as downloaded this run,signed media-library URL (expires 2026-10-11),media library,2026-10-04,1865704,ffb3c5c2425dc7a6c1a44c18dd82aeb11593730a6243d406b44bc9f1da53abb6,recorded for provenance only
"(source, not in repo) render-laptop-phone.png",input file as downloaded this run,signed media-library URL (expires 2026-10-11),media library,2026-10-04,1759408,70442001d3fb20b2374bf961230b121d9375148fc6e7a2080d8792a1982a6507,recorded for provenance only
"(source, not in repo) render-brand-tile.png",input file as downloaded this run,signed media-library URL (expires 2026-10-11),media library,2026-10-04,2105050,0d7141f2913befade393a3b1064f920ed1836d58dc73c88b324a09fe118cf4a0,recorded for provenance only
"(source, not in repo) render-flatlay.png",input file as downloaded this run,signed media-library URL (expires 2026-10-11),media library,2026-10-04,2203741,d45fdc062676e4549318481104f3a723c084a51ad7b5bf4b1b3eecb8c9836aa0,recorded for provenance only
"(source, not in repo) ohVo7cVcwn.png (edited laptop + phone render)",input file as downloaded this run,signed agents-library URL (expires 2026-10-11) — editImageUsing2.5 of GqSmsmQEOF.png,agents library,2026-10-04,1797818,46a9f70191cade82ebb48d37cdc057a118b883379b3509a9eec8b673dc79e9f6,1536×1024 PNG; neutral UAE-style waterfront skyline; strictly no text/logos — logo composited by the repo script
"(source, not in repo) Athar_Brand_Guidelines_FINAL.pdf (re-fetched copy)",guidelines cross-check for audit A-12,signed media-library URL (expires 2026-10-11),media library,2026-10-04,16437584,8883b4c5086c7dc5265b76b2de38c128db216cd109b23b4887f447d8f26697a7,"#405A5B / #BEAA91 listed: pp. 7, 30 (Table 3.1 secondary), 33–34 (tokens), 141 — INTERNAL ONLY, never bundled"
