dist_path,v1_5_1_source,family,variant,dims_before,dims_after,sha256_before,sha256_after,ledger_sha256,ledger_match,mapping
dist/brand/apple-touch-icon.png,dist/brand/apple-touch-icon.png,2 monogram-favicon-appicons,apple-touch,180x180,180x180,ea78551399bc13aa6ed8d83abb5baaa633c64037cb8c52b51b540c34596d7be7,929e90cb57beb51daa41308b6d004b1c81b060beb1f9bde9767eb4ac29a56247,929e90cb57beb51daa41308b6d004b1c81b060beb1f9bde9767eb4ac29a56247,True,REPLACED
dist/brand/athar-favicon-32.png,dist/brand/favicon-32.png,2 monogram-favicon-appicons,favicon,32x32,32x32,d8aba998d7cb3b66ad30cb04d6ebfc99a2913adfd238939ca51f81e91c63b3ac,7d28a2058c86ec642d08b8440db0cafd3332d0c33ca42272d000e0dd0d3a3af2,7d28a2058c86ec642d08b8440db0cafd3332d0c33ca42272d000e0dd0d3a3af2,True,REPLACED
dist/brand/favicon-16x16.png,dist/brand/favicon-16.png,2 monogram-favicon-appicons,favicon,16x16,16x16,16c3676c855a9045d60fea4a2371d885656abaf76b0e65b310e159f375b3fe79,7b162edea71a60cfbc51b1baf3c9857198edd72d8255b9a51fb5439a78ce5ade,7b162edea71a60cfbc51b1baf3c9857198edd72d8255b9a51fb5439a78ce5ade,True,REPLACED
dist/brand/favicon.ico,dist/brand/favicon.ico,2 monogram-favicon-appicons,favicon-ico,ico,ico,175fd7ea234aa4b6c504b091cf060b5433a8f8bef21e65874d7767dc23bd049c,96f31d16400d4f69ccd011c312e18518010b795474522737b6615d1419e65ea5,96f31d16400d4f69ccd011c312e18518010b795474522737b6615d1419e65ea5,True,REPLACED
dist/brand/icon-512.png,dist/brand/app-icon-512.png,2 monogram-favicon-appicons,app-icon,512x512,512x512,2f8ff4e0bccd49d3f4ab991a23109eac4e14ae3f21363578f8a819721a3e03f4,867830291c3a8e7e299dbea421a87eb4adde05d4315c0ad61f679e7c588e9e06,867830291c3a8e7e299dbea421a87eb4adde05d4315c0ad61f679e7c588e9e06,True,REPLACED
dist/brand/og-image.png,dist/social/athar-og-card-en-light@1x.png,8 social-cards,og-en,1200x630,1200x630,38d62c1e06095ba926393adaf44dd2cef106d753e3bfd9dc080b947d84f79d0f,824463454f649b7a267c5b8ef5e5b342ccd947e68cab42c07c3a51efa4ad03cf,824463454f649b7a267c5b8ef5e5b342ccd947e68cab42c07c3a51efa4ad03cf,True,REPLACED
dist/pattern/khatam-tile-512.png,dist/pattern/athar-pattern-eight_point_star-light-512.png,5 patterns,eight_point_star,512x512,512x512,1a9a616dcd47fd19f4a005c9b35821020ae824aaa4851cb548a98ff3345735bb,79276195149e2981e40e3f4bcc21579a2ee1c3930b842fbccd173eb939e44967,79276195149e2981e40e3f4bcc21579a2ee1c3930b842fbccd173eb939e44967,True,REPLACED
dist/brand/icons/pack/agents.png,dist/brand/icons/light/athar-icon-agents-256.png,4 icon-system,agents,256x256,256x256,4a9ceb9ad9b8780510ba707d0c278df22fc8466bbdc0c99a17158bf6c2950341,1d3cea758a0bd51ea6882f24d06b30fc673545e7c376728e4a72ff0f46790fad,1d3cea758a0bd51ea6882f24d06b30fc673545e7c376728e4a72ff0f46790fad,True,REPLACED
dist/brand/icons/pack/automation.png,dist/brand/icons/light/athar-icon-automation-256.png,4 icon-system,automation-NEW,256x256,256x256,303ae1136a41c5e72f3c44894a1a11312d0150ae52eec5d3b0b786373378f09d,04add73f227d4e35950c5013a8ebc091e81674674356a2a2cd155deb1c09589b,04add73f227d4e35950c5013a8ebc091e81674674356a2a2cd155deb1c09589b,True,REPLACED
dist/brand/icons/pack/community.png,dist/brand/icons/light/athar-icon-community-256.png,4 icon-system,community-NEW,256x256,256x256,e452df7deb0147f60af39a0e86dd8716cbd509f6ff20a1ac11f35b09604a8bb4,9572666d0c080d1fc2ace1c64446ece9ad2e94d3adfdf6e03bd4909f3d7cf9b1,9572666d0c080d1fc2ace1c64446ece9ad2e94d3adfdf6e03bd4909f3d7cf9b1,True,REPLACED
dist/brand/icons/pack/data-privacy.png,dist/brand/icons/light/athar-icon-data-privacy-256.png,4 icon-system,data-privacy-NEW,256x256,256x256,ecb40025db8824ae29a238dd4023c8f29e1a8bf30afe13212f76d411b5cf10bc,b2c43920234ff93b39ba68ab5a1f615e76d4d2e94e214e4066eed11b15f6efbc,b2c43920234ff93b39ba68ab5a1f615e76d4d2e94e214e4066eed11b15f6efbc,True,REPLACED
dist/brand/icons/pack/education.png,dist/brand/icons/light/athar-icon-education-256.png,4 icon-system,education,256x256,256x256,b52c30d6ec45a2d1f6127f475bfc39e3d8b5e2e189a46a8ae87ba6830f73aaa0,7e07c4e0d9d03672bc679708e77689b12f642cacb8a150fd564ee8f6621e8ba3,7e07c4e0d9d03672bc679708e77689b12f642cacb8a150fd564ee8f6621e8ba3,True,REPLACED
dist/brand/icons/pack/government-services.png,dist/brand/icons/light/athar-icon-government-256.png,4 icon-system,government,256x256,256x256,feb86e56a1ca01a0fa626206507d8ab6089e401ccd2ba3b4e73fceb0a2e2dc0c,a52135fdd2b5c90c1bad5a5f803ab344acc0ffaaf63a525a5a0c3c48b083c66f,a52135fdd2b5c90c1bad5a5f803ab344acc0ffaaf63a525a5a0c3c48b083c66f,True,REPLACED
dist/brand/icons/pack/impact.png,dist/brand/icons/light/athar-icon-impact-256.png,4 icon-system,impact-NEW,256x256,256x256,05b4eb34c054e233610ec93c46548ddc5361075523d479409a16b2a0f616a69b,ed8c1cf7af8dbe945f0a2854107ae2cff6cde796aecf5f8dec072ba5bcdf172e,ed8c1cf7af8dbe945f0a2854107ae2cff6cde796aecf5f8dec072ba5bcdf172e,True,REPLACED
dist/brand/icons/pack/tasks.png,dist/brand/icons/light/athar-icon-tasks-256.png,4 icon-system,tasks,256x256,256x256,4ac08e28e97698a4f6b73efd2e1ec79faf9697d6901436e8885bf7779d1a8a4b,4bd397c89184579050ba269b7296c4e6bf36ed4f1045170963c0eb9d70a7be79,4bd397c89184579050ba269b7296c4e6bf36ed4f1045170963c0eb9d70a7be79,True,REPLACED
dist/brand/icons/pack/trust-safety.png,dist/brand/icons/light/athar-icon-trust-safety-256.png,4 icon-system,trust-safety,256x256,256x256,efa67f7cba9707b4205100332db78983002ed94fb2ac4a1254282bf4b7e945d0,cae6290e951e2acc1a192de0558f414c8aa809354218663746e48e4ea8096d18,cae6290e951e2acc1a192de0558f414c8aa809354218663746e48e4ea8096d18,True,REPLACED
dist/assets/agents-network-CFz2Jgei.png,,,,1024x1024,1024x1024,233754e1b9c9e6a48c0b7fc281cb8fb0975ec92ccfe6eed6af36e424ac83795c,233754e1b9c9e6a48c0b7fc281cb8fb0975ec92ccfe6eed6af36e424ac83795c,,n/a,CARRIED (no v1.5.1 counterpart with identical role+pixel size; v1.5.0/v1.4.7 file kept)
dist/assets/api/api-dhis2.png,,,,600x177,600x177,c997318996c77ffefd8d313fba98683ec5c5d97e53deafbe5825316692a2af31,c997318996c77ffefd8d313fba98683ec5c5d97e53deafbe5825316692a2af31,,n/a,CARRIED (no v1.5.1 counterpart with identical role+pixel size; v1.5.0/v1.4.7 file kept)
dist/assets/api/api-fastapi.png,,,,2048x379,2048x379,f329887c91e8555e61cc196c5d1596c87b126f6c5f45941d64c7d8b63bc5d8fa,f329887c91e8555e61cc196c5d1596c87b126f6c5f45941d64c7d8b63bc5d8fa,,n/a,CARRIED (no v1.5.1 counterpart with identical role+pixel size; v1.5.0/v1.4.7 file kept)
dist/assets/api/api-google-maps-platform.png,,,,1138x1024,1138x1024,8662f8969fc623d89102beac2bb8e1d8452fc57463037b69152f8095298e26a4,8662f8969fc623d89102beac2bb8e1d8452fc57463037b69152f8095298e26a4,,n/a,CARRIED (no v1.5.1 counterpart with identical role+pixel size; v1.5.0/v1.4.7 file kept)
dist/assets/api/api-hugging-face.png,,,,217x200,217x200,97be6a66875e04b83b3295ea7d509fc749ede9e458f2350a0822ca19396bd262,97be6a66875e04b83b3295ea7d509fc749ede9e458f2350a0822ca19396bd262,,n/a,CARRIED (no v1.5.1 counterpart with identical role+pixel size; v1.5.0/v1.4.7 file kept)
dist/assets/api/api-mpesa-daraja.png,,,,558x200,558x200,65ca31a61818f095149e204865938323e2c7304fd3ef5507bad7647ea89e0dcf,65ca31a61818f095149e204865938323e2c7304fd3ef5507bad7647ea89e0dcf,,n/a,CARRIED (no v1.5.1 counterpart with identical role+pixel size; v1.5.0/v1.4.7 file kept)
dist/assets/api/api-openweather.png,,,,482x200,482x200,0e4ee0d8b7e7b236e4e31d5e558c9b0e765f8f1071fd12b14a6a5340e4670993,0e4ee0d8b7e7b236e4e31d5e558c9b0e765f8f1071fd12b14a6a5340e4670993,,n/a,CARRIED (no v1.5.1 counterpart with identical role+pixel size; v1.5.0/v1.4.7 file kept)
dist/assets/api/api-stripe.png,,,,480x200,480x200,b7d0ff66d174cd1b61bd6d7f0393dca31e92124bccdf9eb173e0df2ba05835c7,b7d0ff66d174cd1b61bd6d7f0393dca31e92124bccdf9eb173e0df2ba05835c7,,n/a,CARRIED (no v1.5.1 counterpart with identical role+pixel size; v1.5.0/v1.4.7 file kept)
dist/assets/community-builders-DJhRrTxx.png,,,,1024x1024,1024x1024,4e730e9147dcf90fcf9536cb448b4e2be8ad75e65835d3554f623675256ba8e3,4e730e9147dcf90fcf9536cb448b4e2be8ad75e65835d3554f623675256ba8e3,,n/a,CARRIED (no v1.5.1 counterpart with identical role+pixel size; v1.5.0/v1.4.7 file kept)
dist/assets/growth-impact-ByIEEdLi.png,,,,1024x1024,1024x1024,cb698e43a76119122d8722225e0361a706eb1d2dc13acbc3988bd5b8ac288a0e,cb698e43a76119122d8722225e0361a706eb1d2dc13acbc3988bd5b8ac288a0e,,n/a,CARRIED (no v1.5.1 counterpart with identical role+pixel size; v1.5.0/v1.4.7 file kept)
dist/assets/img/fallback-athar.svg,,,,1600x900 (svg user units),1600x900 (svg user units),a01c4fa81a3adb6f5d3eda9c3346c6b69ab81a5ead5d6c2d88c07aed1973733b,a01c4fa81a3adb6f5d3eda9c3346c6b69ab81a5ead5d6c2d88c07aed1973733b,,n/a,CARRIED (no v1.5.1 counterpart with identical role+pixel size; v1.5.0/v1.4.7 file kept)
dist/assets/img/lebanon-one-million-ai-experts-20260925.jpg,,,,1600x1067,1600x1067,cb3a06adbeb202053b4be798df78223ae7fa6aaf48989143f7e8a3ca0149dabc,cb3a06adbeb202053b4be798df78223ae7fa6aaf48989143f7e8a3ca0149dabc,,n/a,CARRIED (no v1.5.1 counterpart with identical role+pixel size; v1.5.0/v1.4.7 file kept)
dist/assets/img/lebanon-one-million-ai-experts-20260925.webp,,,,1600x1067,1600x1067,70642100e0c026b6df1c4829114626b6bc4964ed433ad1bc2c8831400419702f,70642100e0c026b6df1c4829114626b6bc4964ed433ad1bc2c8831400419702f,,n/a,CARRIED (no v1.5.1 counterpart with identical role+pixel size; v1.5.0/v1.4.7 file kept)
dist/assets/impact/v133/t1-licences.png,,,,1200x800,1200x800,fed1221d4b47491ee2d91c7a665b8e1f9d4ab5b8064d9f5a7596a23183381d57,fed1221d4b47491ee2d91c7a665b8e1f9d4ab5b8064d9f5a7596a23183381d57,,n/a,CARRIED (no v1.5.1 counterpart with identical role+pixel size; v1.5.0/v1.4.7 file kept)
dist/assets/impact/v133/t1-licences.webp,,,,1200x800,1200x800,d5157dfb5d7b1cd7aa5497082d35eaceb44085c69b968032159a4e99de8e10d5,d5157dfb5d7b1cd7aa5497082d35eaceb44085c69b968032159a4e99de8e10d5,,n/a,CARRIED (no v1.5.1 counterpart with identical role+pixel size; v1.5.0/v1.4.7 file kept)
dist/assets/impact/v133/t2-ai-pc-composited.png,,,,1200x800,1200x800,3c756be856b9e8f9153e8f48d339a763d095dfab70db23ac4ba62eeff7867352,3c756be856b9e8f9153e8f48d339a763d095dfab70db23ac4ba62eeff7867352,,n/a,CARRIED (no v1.5.1 counterpart with identical role+pixel size; v1.5.0/v1.4.7 file kept)
dist/assets/impact/v133/t2-ai-pc-composited.webp,,,,1200x800,1200x800,c5ccc3b9b3ca40f5213900779ab516761a4f1b345d3f07424cd71e7eb929d294,c5ccc3b9b3ca40f5213900779ab516761a4f1b345d3f07424cd71e7eb929d294,,n/a,CARRIED (no v1.5.1 counterpart with identical role+pixel size; v1.5.0/v1.4.7 file kept)
dist/assets/impact/v133/t3-data-centre-composited.png,,,,1200x800,1200x800,bb4ceea8039ba9cce7f5f205427fcd7a998c226bcfe6b26d0150ed93f81bcea4,bb4ceea8039ba9cce7f5f205427fcd7a998c226bcfe6b26d0150ed93f81bcea4,,n/a,CARRIED (no v1.5.1 counterpart with identical role+pixel size; v1.5.0/v1.4.7 file kept)
dist/assets/impact/v133/t3-data-centre-composited.webp,,,,1200x800,1200x800,68b117bca7932ffc28c64903aa64ce1b57d786cf91433ce6e39247024bdc76ac,68b117bca7932ffc28c64903aa64ce1b57d786cf91433ce6e39247024bdc76ac,,n/a,CARRIED (no v1.5.1 counterpart with identical role+pixel size; v1.5.0/v1.4.7 file kept)
dist/assets/intro/v1.4.2/intro-poster.png,,,,1920x1080,1920x1080,70007dde3b651e8081221211ff73587ffe727d813f84c7476cee1fdbbb374e23,70007dde3b651e8081221211ff73587ffe727d813f84c7476cee1fdbbb374e23,,n/a,CARRIED (no v1.5.1 counterpart with identical role+pixel size; v1.5.0/v1.4.7 file kept)
dist/assets/news/marks/logo-intel.png,,,,900x353,900x353,e6e878f5551362b641ccff93c197a14e5f24393776352eae8e9669b83a057399,e6e878f5551362b641ccff93c197a14e5f24393776352eae8e9669b83a057399,,n/a,CARRIED (no v1.5.1 counterpart with identical role+pixel size; v1.5.0/v1.4.7 file kept)
dist/assets/news/marks/logo-qualcomm.svg,,,,783.6x144 (svg user units),783.6x144 (svg user units),4a3cbd87151061556d69331fcd8a254e0f7f833a695235accdedc20861e4a0f2,4a3cbd87151061556d69331fcd8a254e0f7f833a695235accdedc20861e4a0f2,,n/a,CARRIED (no v1.5.1 counterpart with identical role+pixel size; v1.5.0/v1.4.7 file kept)
dist/assets/news/marks/logo-redington.png,,,,770x200,770x200,c5583e31f9e30936dca6b5eaf416998504ae920d23a43382996b878535212639,c5583e31f9e30936dca6b5eaf416998504ae920d23a43382996b878535212639,,n/a,CARRIED (no v1.5.1 counterpart with identical role+pixel size; v1.5.0/v1.4.7 file kept)
dist/assets/news/marks/publisher-gulf-news.png,,,,256x256,256x256,dd4355db8ece6ab31e2f96f7800e1241e4923caa600a51b717d1884160ae6379,dd4355db8ece6ab31e2f96f7800e1241e4923caa600a51b717d1884160ae6379,,n/a,CARRIED (no v1.5.1 counterpart with identical role+pixel size; v1.5.0/v1.4.7 file kept)
dist/assets/news/marks/publisher-kenya-ict.png,,,,1332x200,1332x200,529dfe8e1fc73644113b81b158e5506a0ba6640d8266432e708d16b595d24a4d,529dfe8e1fc73644113b81b158e5506a0ba6640d8266432e708d16b595d24a4d,,n/a,CARRIED (no v1.5.1 counterpart with identical role+pixel size; v1.5.0/v1.4.7 file kept)
dist/assets/news/marks/publisher-middle-east-ai-news.png,,,,256x256,256x256,cc0d1cc31bf553b7a5ce117474cce924725579f226a329886528a4efcf15fbd2,cc0d1cc31bf553b7a5ce117474cce924725579f226a329886528a4efcf15fbd2,,n/a,CARRIED (no v1.5.1 counterpart with identical role+pixel size; v1.5.0/v1.4.7 file kept)
dist/assets/news/marks/publisher-mofa.png,,,,256x256,256x256,42683cc66aff8cbf94a6ce2ad1f30361e801164d3c20175154b41b9a60feb9bd,42683cc66aff8cbf94a6ce2ad1f30361e801164d3c20175154b41b9a60feb9bd,,n/a,CARRIED (no v1.5.1 counterpart with identical role+pixel size; v1.5.0/v1.4.7 file kept)
dist/assets/news/marks/publisher-wam.png,,,,256x256,256x256,abaa116dec2c9a4d28c98d5886d17ab3da6bf9092688fe9c7a54ec4bf7578d7f,abaa116dec2c9a4d28c98d5886d17ab3da6bf9092688fe9c7a54ec4bf7578d7f,,n/a,CARRIED (no v1.5.1 counterpart with identical role+pixel size; v1.5.0/v1.4.7 file kept)
dist/assets/open-pact-Cv6pvTFQ.png,,,,1024x1024,1024x1024,64e5e99b436572fe267e58db14085409412918307e9704f4f006f2dc1aabb849,64e5e99b436572fe267e58db14085409412918307e9704f4f006f2dc1aabb849,,n/a,CARRIED (no v1.5.1 counterpart with identical role+pixel size; v1.5.0/v1.4.7 file kept)
dist/assets/open-standards-D2Ma6Sep.png,,,,1024x1024,1024x1024,edee61e3fdd76e008acf1f8c22d2ce7f8c60c2a04e370b0757fd2b0140751b42,edee61e3fdd76e008acf1f8c22d2ce7f8c60c2a04e370b0757fd2b0140751b42,,n/a,CARRIED (no v1.5.1 counterpart with identical role+pixel size; v1.5.0/v1.4.7 file kept)
dist/assets/plates/plate5-banner.png,,,,1600x320,1600x320,7522ef2d658c08caa1c8aa4a873cbb2a4edc3dbac6d3731e1c28be328128b63e,7522ef2d658c08caa1c8aa4a873cbb2a4edc3dbac6d3731e1c28be328128b63e,,n/a,CARRIED (no v1.5.1 counterpart with identical role+pixel size; v1.5.0/v1.4.7 file kept)
dist/assets/plates/plate5-banner.webp,,,,1600x320,1600x320,1ac8ec813747d92ceec2d6d154046a0f25e31e40326ce3d78978883faba72d56,1ac8ec813747d92ceec2d6d154046a0f25e31e40326ce3d78978883faba72d56,,n/a,CARRIED (no v1.5.1 counterpart with identical role+pixel size; v1.5.0/v1.4.7 file kept)
dist/assets/sovereign-data-CXQZxL_1.png,,,,1024x1024,1024x1024,d0dd97036b918370c1a5c13c7f5220a404715ebedd3c32941b3aef1b0bf9070d,d0dd97036b918370c1a5c13c7f5220a404715ebedd3c32941b3aef1b0bf9070d,,n/a,CARRIED (no v1.5.1 counterpart with identical role+pixel size; v1.5.0/v1.4.7 file kept)
dist/assets/tiers/logo-intel.png,,,,900x353,900x353,e6e878f5551362b641ccff93c197a14e5f24393776352eae8e9669b83a057399,e6e878f5551362b641ccff93c197a14e5f24393776352eae8e9669b83a057399,,n/a,CARRIED (no v1.5.1 counterpart with identical role+pixel size; v1.5.0/v1.4.7 file kept)
dist/assets/tiers/logo-qualcomm.svg,,,,783.6x144 (svg user units),783.6x144 (svg user units),4a3cbd87151061556d69331fcd8a254e0f7f833a695235accdedc20861e4a0f2,4a3cbd87151061556d69331fcd8a254e0f7f833a695235accdedc20861e4a0f2,,n/a,CARRIED (no v1.5.1 counterpart with identical role+pixel size; v1.5.0/v1.4.7 file kept)
dist/assets/tour/screens/flow-dark-ar@1x.png,,,,1440x900,1440x900,5c4a5d2a03d229fba2a3cde287d5d948f355ca3a8f8b867f216904dc4dfee224,5c4a5d2a03d229fba2a3cde287d5d948f355ca3a8f8b867f216904dc4dfee224,,n/a,CARRIED (no v1.5.1 counterpart with identical role+pixel size; v1.5.0/v1.4.7 file kept)
dist/assets/tour/screens/flow-dark-ar@2x.png,,,,2880x1800,2880x1800,0bce1fd5dad77212e02ccd9e06f6939c87bc544934dfd343269d05d340faa8dd,0bce1fd5dad77212e02ccd9e06f6939c87bc544934dfd343269d05d340faa8dd,,n/a,CARRIED (no v1.5.1 counterpart with identical role+pixel size; v1.5.0/v1.4.7 file kept)
dist/assets/tour/screens/flow-dark-en@1x.png,,,,1440x900,1440x900,d59a3c011e6fa5c62d34de9be020f6c1f8478c712164c18230e886b8c026e97a,d59a3c011e6fa5c62d34de9be020f6c1f8478c712164c18230e886b8c026e97a,,n/a,CARRIED (no v1.5.1 counterpart with identical role+pixel size; v1.5.0/v1.4.7 file kept)
dist/assets/tour/screens/flow-dark-en@2x.png,,,,2880x1800,2880x1800,e1a513f84b58ee0bf62729d4146bd58b71606263f25bccb1015b8b8ac5fe77a5,e1a513f84b58ee0bf62729d4146bd58b71606263f25bccb1015b8b8ac5fe77a5,,n/a,CARRIED (no v1.5.1 counterpart with identical role+pixel size; v1.5.0/v1.4.7 file kept)
dist/assets/tour/screens/flow-light-ar@1x.png,,,,1440x900,1440x900,cc4c96eee25a0e912d11e8dc57378e3fd641bcec07fad906f3004be277a86e65,cc4c96eee25a0e912d11e8dc57378e3fd641bcec07fad906f3004be277a86e65,,n/a,CARRIED (no v1.5.1 counterpart with identical role+pixel size; v1.5.0/v1.4.7 file kept)
dist/assets/tour/screens/flow-light-ar@2x.png,,,,2880x1800,2880x1800,970a8bb02468853df54f86646e3da37c38cf3610c4ce123f13a598943da588c8,970a8bb02468853df54f86646e3da37c38cf3610c4ce123f13a598943da588c8,,n/a,CARRIED (no v1.5.1 counterpart with identical role+pixel size; v1.5.0/v1.4.7 file kept)
dist/assets/tour/screens/flow-light-en@1x.png,,,,1440x900,1440x900,b04336b7b0bc6194870045870248089104c4cdecba271f4cc4c2aff4f2b2ae90,b04336b7b0bc6194870045870248089104c4cdecba271f4cc4c2aff4f2b2ae90,,n/a,CARRIED (no v1.5.1 counterpart with identical role+pixel size; v1.5.0/v1.4.7 file kept)
dist/assets/tour/screens/flow-light-en@2x.png,,,,2880x1800,2880x1800,1e11571d8cdcb8694ad4b25aa226018e1075ad0b1f28dd3c9580fde9ffc5f512,1e11571d8cdcb8694ad4b25aa226018e1075ad0b1f28dd3c9580fde9ffc5f512,,n/a,CARRIED (no v1.5.1 counterpart with identical role+pixel size; v1.5.0/v1.4.7 file kept)
dist/assets/tour/screens/marketplace-dark-ar@1x.png,,,,1440x900,1440x900,d00737569ecf237ba288f042bee3d1a50ce04aa28fcaf125e02df0a585ad6e61,d00737569ecf237ba288f042bee3d1a50ce04aa28fcaf125e02df0a585ad6e61,,n/a,CARRIED (no v1.5.1 counterpart with identical role+pixel size; v1.5.0/v1.4.7 file kept)
dist/assets/tour/screens/marketplace-dark-ar@2x.png,,,,2880x1800,2880x1800,392d57367ec104c2fec54538052dcbc0aa41af979d28e5f6919438d82882dbc3,392d57367ec104c2fec54538052dcbc0aa41af979d28e5f6919438d82882dbc3,,n/a,CARRIED (no v1.5.1 counterpart with identical role+pixel size; v1.5.0/v1.4.7 file kept)
dist/assets/tour/screens/marketplace-dark-en@1x.png,,,,1440x900,1440x900,ee139fdb0b4daf048029ebf8749bf1d814240b38fddaf73ef34c6d8f521204f0,ee139fdb0b4daf048029ebf8749bf1d814240b38fddaf73ef34c6d8f521204f0,,n/a,CARRIED (no v1.5.1 counterpart with identical role+pixel size; v1.5.0/v1.4.7 file kept)
dist/assets/tour/screens/marketplace-dark-en@2x.png,,,,2880x1800,2880x1800,20073e9eb5c46ae40e21491cd8017fd281dc0c831a7d79c5f12e4669a5396360,20073e9eb5c46ae40e21491cd8017fd281dc0c831a7d79c5f12e4669a5396360,,n/a,CARRIED (no v1.5.1 counterpart with identical role+pixel size; v1.5.0/v1.4.7 file kept)
dist/assets/tour/screens/marketplace-light-ar@1x.png,,,,1440x900,1440x900,c4ddf26a1859861a1dc35101ef1ccbdf86fe7091007a429cd6d5d386b9c54bb9,c4ddf26a1859861a1dc35101ef1ccbdf86fe7091007a429cd6d5d386b9c54bb9,,n/a,CARRIED (no v1.5.1 counterpart with identical role+pixel size; v1.5.0/v1.4.7 file kept)
dist/assets/tour/screens/marketplace-light-ar@2x.png,,,,2880x1800,2880x1800,ff76cdc375a137f57264022bba3157e0f12301e10d058ba9ad06286e5c67c0b3,ff76cdc375a137f57264022bba3157e0f12301e10d058ba9ad06286e5c67c0b3,,n/a,CARRIED (no v1.5.1 counterpart with identical role+pixel size; v1.5.0/v1.4.7 file kept)
dist/assets/tour/screens/marketplace-light-en@1x.png,,,,1440x900,1440x900,29db5d4d088665aece6f9d37d1c34bed969225ad900d5400757261054ac68e07,29db5d4d088665aece6f9d37d1c34bed969225ad900d5400757261054ac68e07,,n/a,CARRIED (no v1.5.1 counterpart with identical role+pixel size; v1.5.0/v1.4.7 file kept)
dist/assets/tour/screens/marketplace-light-en@2x.png,,,,2880x1800,2880x1800,09f3709525436862f68d63d9599d329b862e37da957736359f0deef15516efeb,09f3709525436862f68d63d9599d329b862e37da957736359f0deef15516efeb,,n/a,CARRIED (no v1.5.1 counterpart with identical role+pixel size; v1.5.0/v1.4.7 file kept)
dist/assets/tour/screens/overview-dark-ar@1x.png,,,,1440x900,1440x900,555d48368a73e958fb3af87472bd671e4d5c157e5bb7bd8f0f8bb3e477b2e35f,555d48368a73e958fb3af87472bd671e4d5c157e5bb7bd8f0f8bb3e477b2e35f,,n/a,CARRIED (no v1.5.1 counterpart with identical role+pixel size; v1.5.0/v1.4.7 file kept)
dist/assets/tour/screens/overview-dark-ar@2x.png,,,,2880x1800,2880x1800,81110815513a2c633531378b2442e66d1a92eee65e00359d067f075e0c7d05cc,81110815513a2c633531378b2442e66d1a92eee65e00359d067f075e0c7d05cc,,n/a,CARRIED (no v1.5.1 counterpart with identical role+pixel size; v1.5.0/v1.4.7 file kept)
dist/assets/tour/screens/overview-dark-en@1x.png,,,,1440x900,1440x900,317b4dba470bd7d20c53955f793ab0779e4743d732c081afbf765bc8fef3f302,317b4dba470bd7d20c53955f793ab0779e4743d732c081afbf765bc8fef3f302,,n/a,CARRIED (no v1.5.1 counterpart with identical role+pixel size; v1.5.0/v1.4.7 file kept)
dist/assets/tour/screens/overview-dark-en@2x.png,,,,2880x1800,2880x1800,3302eb1ab41ebbf521e667d12884cca3d267b912347e336b0517a17efba77288,3302eb1ab41ebbf521e667d12884cca3d267b912347e336b0517a17efba77288,,n/a,CARRIED (no v1.5.1 counterpart with identical role+pixel size; v1.5.0/v1.4.7 file kept)
dist/assets/tour/screens/overview-light-ar@1x.png,,,,1440x900,1440x900,5d65d706149525bf843ac9c335435d5f3d890c4cbd84efd307b74b77597e41a9,5d65d706149525bf843ac9c335435d5f3d890c4cbd84efd307b74b77597e41a9,,n/a,CARRIED (no v1.5.1 counterpart with identical role+pixel size; v1.5.0/v1.4.7 file kept)
dist/assets/tour/screens/overview-light-ar@2x.png,,,,2880x1800,2880x1800,28a011002eefec53c44bbc14d9d70ad5da0b9823c290e4636cda7ae5b1d989a3,28a011002eefec53c44bbc14d9d70ad5da0b9823c290e4636cda7ae5b1d989a3,,n/a,CARRIED (no v1.5.1 counterpart with identical role+pixel size; v1.5.0/v1.4.7 file kept)
dist/assets/tour/screens/overview-light-en@1x.png,,,,1440x900,1440x900,9b5b9061d8f98890b3295ffa8eba06deee877eab706684c2ac81753a5b6193ac,9b5b9061d8f98890b3295ffa8eba06deee877eab706684c2ac81753a5b6193ac,,n/a,CARRIED (no v1.5.1 counterpart with identical role+pixel size; v1.5.0/v1.4.7 file kept)
dist/assets/tour/screens/overview-light-en@2x.png,,,,2880x1800,2880x1800,a3ad514c1bb84ea8bf9360414bc53b8ce872108b71b2f1510f5421d59a7a1d83,a3ad514c1bb84ea8bf9360414bc53b8ce872108b71b2f1510f5421d59a7a1d83,,n/a,CARRIED (no v1.5.1 counterpart with identical role+pixel size; v1.5.0/v1.4.7 file kept)
dist/assets/tour/screens/playground-completed-dark-ar@1x.png,,,,1440x900,1440x900,504dbc815f8b0a803cb4dc86f4a693bb61e400050cbc385ce63a67a721adf69c,504dbc815f8b0a803cb4dc86f4a693bb61e400050cbc385ce63a67a721adf69c,,n/a,CARRIED (no v1.5.1 counterpart with identical role+pixel size; v1.5.0/v1.4.7 file kept)
dist/assets/tour/screens/playground-completed-dark-ar@2x.png,,,,2880x1800,2880x1800,9c42a6848ccb8d46003ce2588a1f1aa49385f477ccdff08b7e2593960a8e0e7a,9c42a6848ccb8d46003ce2588a1f1aa49385f477ccdff08b7e2593960a8e0e7a,,n/a,CARRIED (no v1.5.1 counterpart with identical role+pixel size; v1.5.0/v1.4.7 file kept)
dist/assets/tour/screens/playground-completed-dark-en@1x.png,,,,1440x900,1440x900,be5987a979c475f99f1e55f94521ab2a7f16f18f46293a2420a3911c5943ee27,be5987a979c475f99f1e55f94521ab2a7f16f18f46293a2420a3911c5943ee27,,n/a,CARRIED (no v1.5.1 counterpart with identical role+pixel size; v1.5.0/v1.4.7 file kept)
dist/assets/tour/screens/playground-completed-dark-en@2x.png,,,,2880x1800,2880x1800,84a8266da3153ddd68003d033b81eabfb7658ddffb213d0933644040ecda5d7f,84a8266da3153ddd68003d033b81eabfb7658ddffb213d0933644040ecda5d7f,,n/a,CARRIED (no v1.5.1 counterpart with identical role+pixel size; v1.5.0/v1.4.7 file kept)
dist/assets/tour/screens/playground-completed-light-ar@1x.png,,,,1440x900,1440x900,0a003cbf08047b50d518cfbc082714a45cb99b5fcd5e25b05cf0251b242a6625,0a003cbf08047b50d518cfbc082714a45cb99b5fcd5e25b05cf0251b242a6625,,n/a,CARRIED (no v1.5.1 counterpart with identical role+pixel size; v1.5.0/v1.4.7 file kept)
dist/assets/tour/screens/playground-completed-light-ar@2x.png,,,,2880x1800,2880x1800,f326382ab55c3902e2d9a94087ab5c56ea59c44158e6f7019be53ce1c6384629,f326382ab55c3902e2d9a94087ab5c56ea59c44158e6f7019be53ce1c6384629,,n/a,CARRIED (no v1.5.1 counterpart with identical role+pixel size; v1.5.0/v1.4.7 file kept)
dist/assets/tour/screens/playground-completed-light-en@1x.png,,,,1440x900,1440x900,e3e0bff7a623a27ba769f8b327de94eeed719a801d4344444fb2b84df5755ecb,e3e0bff7a623a27ba769f8b327de94eeed719a801d4344444fb2b84df5755ecb,,n/a,CARRIED (no v1.5.1 counterpart with identical role+pixel size; v1.5.0/v1.4.7 file kept)
dist/assets/tour/screens/playground-completed-light-en@2x.png,,,,2880x1800,2880x1800,7098df0f27e7d79697ae5452ab0076828ae6edda67756ed283f7f42caa9ee7b0,7098df0f27e7d79697ae5452ab0076828ae6edda67756ed283f7f42caa9ee7b0,,n/a,CARRIED (no v1.5.1 counterpart with identical role+pixel size; v1.5.0/v1.4.7 file kept)
dist/assets/tour/screens/playground-empty-dark-ar@1x.png,,,,1440x900,1440x900,406c13bace07661060108b4099a0827993d2d037771ed4d985625d6bc78a7868,406c13bace07661060108b4099a0827993d2d037771ed4d985625d6bc78a7868,,n/a,CARRIED (no v1.5.1 counterpart with identical role+pixel size; v1.5.0/v1.4.7 file kept)
dist/assets/tour/screens/playground-empty-dark-ar@2x.png,,,,2880x1800,2880x1800,eb49ad395d5aa8b5966c2dcb34e7d3b72b716071c3e44a4cf66b75236aadadb1,eb49ad395d5aa8b5966c2dcb34e7d3b72b716071c3e44a4cf66b75236aadadb1,,n/a,CARRIED (no v1.5.1 counterpart with identical role+pixel size; v1.5.0/v1.4.7 file kept)
dist/assets/tour/screens/playground-empty-dark-en@1x.png,,,,1440x900,1440x900,4ffda0297811d9ccbc1d850c0a0c4ff6da18dc97bc50197758d1a1739f6242d7,4ffda0297811d9ccbc1d850c0a0c4ff6da18dc97bc50197758d1a1739f6242d7,,n/a,CARRIED (no v1.5.1 counterpart with identical role+pixel size; v1.5.0/v1.4.7 file kept)
dist/assets/tour/screens/playground-empty-dark-en@2x.png,,,,2880x1800,2880x1800,457da62ad8c9c088e832cb33f2042b442cfb4c25e62d5c74c7b223e5f45f4c40,457da62ad8c9c088e832cb33f2042b442cfb4c25e62d5c74c7b223e5f45f4c40,,n/a,CARRIED (no v1.5.1 counterpart with identical role+pixel size; v1.5.0/v1.4.7 file kept)
dist/assets/tour/screens/playground-empty-light-ar@1x.png,,,,1440x900,1440x900,500d78abb3eb915c1cd20bcb41054f17246821aceff0da6787b349b4161e1028,500d78abb3eb915c1cd20bcb41054f17246821aceff0da6787b349b4161e1028,,n/a,CARRIED (no v1.5.1 counterpart with identical role+pixel size; v1.5.0/v1.4.7 file kept)
dist/assets/tour/screens/playground-empty-light-ar@2x.png,,,,2880x1800,2880x1800,4739a7433eb0f46c5325c3ab5b0dab6b3d0ade582eb51225a474618b7fa06f7b,4739a7433eb0f46c5325c3ab5b0dab6b3d0ade582eb51225a474618b7fa06f7b,,n/a,CARRIED (no v1.5.1 counterpart with identical role+pixel size; v1.5.0/v1.4.7 file kept)
dist/assets/tour/screens/playground-empty-light-en@1x.png,,,,1440x900,1440x900,b1b525c8b2163cb91b629d21cbef2b0578571f0f3af55eff08a91246a14b54a0,b1b525c8b2163cb91b629d21cbef2b0578571f0f3af55eff08a91246a14b54a0,,n/a,CARRIED (no v1.5.1 counterpart with identical role+pixel size; v1.5.0/v1.4.7 file kept)
dist/assets/tour/screens/playground-empty-light-en@2x.png,,,,2880x1800,2880x1800,63c5b2c2311251fc751145c1a5761ede84663d1b9ec78a8e1d1160134815558f,63c5b2c2311251fc751145c1a5761ede84663d1b9ec78a8e1d1160134815558f,,n/a,CARRIED (no v1.5.1 counterpart with identical role+pixel size; v1.5.0/v1.4.7 file kept)
dist/assets/tour/screens/playground-streaming-dark-ar@1x.png,,,,1440x900,1440x900,73aafb896ee1e062915a9c17b2d25d25ce9475f07ebe1b698cdd275034491e05,73aafb896ee1e062915a9c17b2d25d25ce9475f07ebe1b698cdd275034491e05,,n/a,CARRIED (no v1.5.1 counterpart with identical role+pixel size; v1.5.0/v1.4.7 file kept)
dist/assets/tour/screens/playground-streaming-dark-ar@2x.png,,,,2880x1800,2880x1800,effc3a4a20cc14e7a5b483263e53f97f8f9e38f2a985880875a9fd9c33e3f9cb,effc3a4a20cc14e7a5b483263e53f97f8f9e38f2a985880875a9fd9c33e3f9cb,,n/a,CARRIED (no v1.5.1 counterpart with identical role+pixel size; v1.5.0/v1.4.7 file kept)
dist/assets/tour/screens/playground-streaming-dark-en@1x.png,,,,1440x900,1440x900,8d88cb1ceb14a6d882ef1e073b5907725c82dc9fd6d21929a5b97848bc0c01bb,8d88cb1ceb14a6d882ef1e073b5907725c82dc9fd6d21929a5b97848bc0c01bb,,n/a,CARRIED (no v1.5.1 counterpart with identical role+pixel size; v1.5.0/v1.4.7 file kept)
dist/assets/tour/screens/playground-streaming-dark-en@2x.png,,,,2880x1800,2880x1800,0ad4a1d180a0330ea6d0857a076c4c07d6e99d9056f59ae2ce369bf940fccb61,0ad4a1d180a0330ea6d0857a076c4c07d6e99d9056f59ae2ce369bf940fccb61,,n/a,CARRIED (no v1.5.1 counterpart with identical role+pixel size; v1.5.0/v1.4.7 file kept)
dist/assets/tour/screens/playground-streaming-light-ar@1x.png,,,,1440x900,1440x900,ec58ae03e0e59ab1bf7ff2ab0f2e5c29d923896946c1b1ff8da449c781b908fa,ec58ae03e0e59ab1bf7ff2ab0f2e5c29d923896946c1b1ff8da449c781b908fa,,n/a,CARRIED (no v1.5.1 counterpart with identical role+pixel size; v1.5.0/v1.4.7 file kept)
dist/assets/tour/screens/playground-streaming-light-ar@2x.png,,,,2880x1800,2880x1800,aac2039d5df3c35240ccefd62dad37d2f090e23a2ded0480c0cdb44bb2c4479a,aac2039d5df3c35240ccefd62dad37d2f090e23a2ded0480c0cdb44bb2c4479a,,n/a,CARRIED (no v1.5.1 counterpart with identical role+pixel size; v1.5.0/v1.4.7 file kept)
dist/assets/tour/screens/playground-streaming-light-en@1x.png,,,,1440x900,1440x900,4cd3f6bf62efdaa88c071213242d68693002409403b2ce072bb063d584495a1a,4cd3f6bf62efdaa88c071213242d68693002409403b2ce072bb063d584495a1a,,n/a,CARRIED (no v1.5.1 counterpart with identical role+pixel size; v1.5.0/v1.4.7 file kept)
dist/assets/tour/screens/playground-streaming-light-en@2x.png,,,,2880x1800,2880x1800,95b83a1f1d9a8d66ce79035f8fe66bbbb6fd6491665e2ae51ffe562c8fa4eac5,95b83a1f1d9a8d66ce79035f8fe66bbbb6fd6491665e2ae51ffe562c8fa4eac5,,n/a,CARRIED (no v1.5.1 counterpart with identical role+pixel size; v1.5.0/v1.4.7 file kept)
dist/assets/tour/stills/kf-0000-960.webp,,,,960x424,960x424,e60b964fbe5c9d6dfcb4703187b2c431b1a513983eb02bf0f471e84f747e88e5,e60b964fbe5c9d6dfcb4703187b2c431b1a513983eb02bf0f471e84f747e88e5,,n/a,CARRIED (no v1.5.1 counterpart with identical role+pixel size; v1.5.0/v1.4.7 file kept)
dist/assets/tour/stills/kf-0000.png,,,,1920x848,1920x848,89e69846a41855fdd7cc83801539b058b53f39d041b30952e64c7ee12cf8cca2,89e69846a41855fdd7cc83801539b058b53f39d041b30952e64c7ee12cf8cca2,,n/a,CARRIED (no v1.5.1 counterpart with identical role+pixel size; v1.5.0/v1.4.7 file kept)
dist/assets/tour/stills/kf-0571-960.webp,,,,960x424,960x424,6c449549058427a6e981a8c2509af503fc30bac5930ca239026a252427cf7671,6c449549058427a6e981a8c2509af503fc30bac5930ca239026a252427cf7671,,n/a,CARRIED (no v1.5.1 counterpart with identical role+pixel size; v1.5.0/v1.4.7 file kept)
dist/assets/tour/stills/kf-0571.png,,,,1920x848,1920x848,87405e90e5f659d0501701e49c73f0bc3bc0b4e0d908646b5d3d598303b4e17d,87405e90e5f659d0501701e49c73f0bc3bc0b4e0d908646b5d3d598303b4e17d,,n/a,CARRIED (no v1.5.1 counterpart with identical role+pixel size; v1.5.0/v1.4.7 file kept)
dist/assets/tour/stills/kf-0673-960.webp,,,,960x424,960x424,7420361837fec3e4127e57b0931a77ca452f0a18d51048e617ac22f0afac6487,7420361837fec3e4127e57b0931a77ca452f0a18d51048e617ac22f0afac6487,,n/a,CARRIED (no v1.5.1 counterpart with identical role+pixel size; v1.5.0/v1.4.7 file kept)
dist/assets/tour/stills/kf-0673.png,,,,1920x848,1920x848,efe934b7615113b2c8f034ad2d641ae6ef64f035cace58e1598fd3b74f3fd26b,efe934b7615113b2c8f034ad2d641ae6ef64f035cace58e1598fd3b74f3fd26b,,n/a,CARRIED (no v1.5.1 counterpart with identical role+pixel size; v1.5.0/v1.4.7 file kept)
dist/assets/tour/stills/kf-0875-960.webp,,,,960x424,960x424,90dae6592cd3e0756b36bfb55b53897dec1597f7fb59c559f61993a344ff95f3,90dae6592cd3e0756b36bfb55b53897dec1597f7fb59c559f61993a344ff95f3,,n/a,CARRIED (no v1.5.1 counterpart with identical role+pixel size; v1.5.0/v1.4.7 file kept)
dist/assets/tour/stills/kf-0875.png,,,,1920x848,1920x848,9154d85ccc556e8f1e46efe878fd81ecff15721031a9bb6feebeddb8a7591126,9154d85ccc556e8f1e46efe878fd81ecff15721031a9bb6feebeddb8a7591126,,n/a,CARRIED (no v1.5.1 counterpart with identical role+pixel size; v1.5.0/v1.4.7 file kept)
dist/assets/tour/stills/kf-1178-960.webp,,,,960x424,960x424,876a945b8df8e4fd9a837c15f6a6a03d57317181a5cff5bfa9ba6efbf8da908c,876a945b8df8e4fd9a837c15f6a6a03d57317181a5cff5bfa9ba6efbf8da908c,,n/a,CARRIED (no v1.5.1 counterpart with identical role+pixel size; v1.5.0/v1.4.7 file kept)
dist/assets/tour/stills/kf-1178.png,,,,1920x848,1920x848,31a6c84690e07203cb39085637729d8f853e55b6ad83ff9df4eadfd14e6286fa,31a6c84690e07203cb39085637729d8f853e55b6ad83ff9df4eadfd14e6286fa,,n/a,CARRIED (no v1.5.1 counterpart with identical role+pixel size; v1.5.0/v1.4.7 file kept)
dist/assets/tour/stills/kf-1481-960.webp,,,,960x424,960x424,2acb636b8df14ffddb376908bd3a16a75d943b75d3f8a76553aa3755c4e222a1,2acb636b8df14ffddb376908bd3a16a75d943b75d3f8a76553aa3755c4e222a1,,n/a,CARRIED (no v1.5.1 counterpart with identical role+pixel size; v1.5.0/v1.4.7 file kept)
dist/assets/tour/stills/kf-1481.png,,,,1920x848,1920x848,742081fd33c09775268a099852076968be1ea39b3e87a6421765c5c63665fd0a,742081fd33c09775268a099852076968be1ea39b3e87a6421765c5c63665fd0a,,n/a,CARRIED (no v1.5.1 counterpart with identical role+pixel size; v1.5.0/v1.4.7 file kept)
dist/assets/tour/stills/kf-1682-960.webp,,,,960x424,960x424,b9589cb769a939f1a2da9561878dd7fdcc5f43e0cfdf02a7faf12e56d54dd1b1,b9589cb769a939f1a2da9561878dd7fdcc5f43e0cfdf02a7faf12e56d54dd1b1,,n/a,CARRIED (no v1.5.1 counterpart with identical role+pixel size; v1.5.0/v1.4.7 file kept)
dist/assets/tour/stills/kf-1682.png,,,,1920x848,1920x848,e9b32d44df4023bb2ed38638b0c966d8f2589ad8eb37b9b8398470bf340d8d42,e9b32d44df4023bb2ed38638b0c966d8f2589ad8eb37b9b8398470bf340d8d42,,n/a,CARRIED (no v1.5.1 counterpart with identical role+pixel size; v1.5.0/v1.4.7 file kept)
dist/assets/tour/stills/kf-1783-960.webp,,,,960x424,960x424,c11b38d2307a876f949ea10d7462b8f246a3839440dc0d7d5d6460b47da03768,c11b38d2307a876f949ea10d7462b8f246a3839440dc0d7d5d6460b47da03768,,n/a,CARRIED (no v1.5.1 counterpart with identical role+pixel size; v1.5.0/v1.4.7 file kept)
dist/assets/tour/stills/kf-1783.png,,,,1920x848,1920x848,317bfdf2527c5c16c8027863fd6998acbc668e83393fabe67450cc5f9ffceba6,317bfdf2527c5c16c8027863fd6998acbc668e83393fabe67450cc5f9ffceba6,,n/a,CARRIED (no v1.5.1 counterpart with identical role+pixel size; v1.5.0/v1.4.7 file kept)
dist/assets/tour/stills/kf-2086-960.webp,,,,960x424,960x424,8c66b1754580feb4cdd15f8985f2088271b0f923e7bbe2cb56f0e35e8d2dcc05,8c66b1754580feb4cdd15f8985f2088271b0f923e7bbe2cb56f0e35e8d2dcc05,,n/a,CARRIED (no v1.5.1 counterpart with identical role+pixel size; v1.5.0/v1.4.7 file kept)
dist/assets/tour/stills/kf-2086.png,,,,1920x848,1920x848,03d0fa991284322bbe4507206e634ef3a2f8f1d4dd7e178e28749bd5746d5c0b,03d0fa991284322bbe4507206e634ef3a2f8f1d4dd7e178e28749bd5746d5c0b,,n/a,CARRIED (no v1.5.1 counterpart with identical role+pixel size; v1.5.0/v1.4.7 file kept)
dist/assets/tour/stills/kf-2389-960.webp,,,,960x424,960x424,2ca050f53815a8be95a38ccae255f6c2a163f682bdb23b39e833e4a0b44725c4,2ca050f53815a8be95a38ccae255f6c2a163f682bdb23b39e833e4a0b44725c4,,n/a,CARRIED (no v1.5.1 counterpart with identical role+pixel size; v1.5.0/v1.4.7 file kept)
dist/assets/tour/stills/kf-2389.png,,,,1920x848,1920x848,b4435c7b6a723038736c7cce210884536fe6140af3557902374dac5277edda0e,b4435c7b6a723038736c7cce210884536fe6140af3557902374dac5277edda0e,,n/a,CARRIED (no v1.5.1 counterpart with identical role+pixel size; v1.5.0/v1.4.7 file kept)
dist/assets/tour/stills/p20-960.webp,,,,960x424,960x424,19c4d48303eb03fac5556b28c3ce9fefd3167031a2e94f0d272ec512d8786a28,19c4d48303eb03fac5556b28c3ce9fefd3167031a2e94f0d272ec512d8786a28,,n/a,CARRIED (no v1.5.1 counterpart with identical role+pixel size; v1.5.0/v1.4.7 file kept)
dist/assets/tour/stills/p20.png,,,,1920x848,1920x848,4b0f8f9f18bad5d4e0e44eb0c15bdfcee4a69df2137f30525b014a49fa037db9,4b0f8f9f18bad5d4e0e44eb0c15bdfcee4a69df2137f30525b014a49fa037db9,,n/a,CARRIED (no v1.5.1 counterpart with identical role+pixel size; v1.5.0/v1.4.7 file kept)
dist/assets/tour/stills/p50-960.webp,,,,960x424,960x424,34c0c9f3ff69815089e4ce3aca2b2f76d59f13e3dedce1d3567aa57e6199a9aa,34c0c9f3ff69815089e4ce3aca2b2f76d59f13e3dedce1d3567aa57e6199a9aa,,n/a,CARRIED (no v1.5.1 counterpart with identical role+pixel size; v1.5.0/v1.4.7 file kept)
dist/assets/tour/stills/p50.png,,,,1920x848,1920x848,d8f4f72330e658017d4d8ced13a03cde68bc6ae7bae6ea8270958095610dc36f,d8f4f72330e658017d4d8ced13a03cde68bc6ae7bae6ea8270958095610dc36f,,n/a,CARRIED (no v1.5.1 counterpart with identical role+pixel size; v1.5.0/v1.4.7 file kept)
dist/assets/tour/stills/p80-960.webp,,,,960x424,960x424,3dec488b3f6904312ee7bf196344341a27f5689644c3168a1dc4f67001b8f03c,3dec488b3f6904312ee7bf196344341a27f5689644c3168a1dc4f67001b8f03c,,n/a,CARRIED (no v1.5.1 counterpart with identical role+pixel size; v1.5.0/v1.4.7 file kept)
dist/assets/tour/stills/p80.png,,,,1920x848,1920x848,025b6b7ba32e84c4616c4cece43e827811716634e26d5f17ab1504e195564e73,025b6b7ba32e84c4616c4cece43e827811716634e26d5f17ab1504e195564e73,,n/a,CARRIED (no v1.5.1 counterpart with identical role+pixel size; v1.5.0/v1.4.7 file kept)
dist/assets/tour/stills/poster-960.webp,,,,960x424,960x424,2cf0cfea40c3dee9c6765f1b017122bc8ce884336e28cb8f725e119051c0431a,2cf0cfea40c3dee9c6765f1b017122bc8ce884336e28cb8f725e119051c0431a,,n/a,CARRIED (no v1.5.1 counterpart with identical role+pixel size; v1.5.0/v1.4.7 file kept)
dist/assets/tour/stills/poster.png,,,,1920x848,1920x848,f10a03c007007f6c38f3c7deb57896918d5b66df3d6257d59482ba18a1729633,f10a03c007007f6c38f3c7deb57896918d5b66df3d6257d59482ba18a1729633,,n/a,CARRIED (no v1.5.1 counterpart with identical role+pixel size; v1.5.0/v1.4.7 file kept)
dist/assets/tour/video/athar-os-launch-30s-poster.jpg,,,,1920x1080,1920x1080,09570d693ecff029a71e5033909784892f7f917cd12e6ca088985d06a04126c2,09570d693ecff029a71e5033909784892f7f917cd12e6ca088985d06a04126c2,,n/a,CARRIED (no v1.5.1 counterpart with identical role+pixel size; v1.5.0/v1.4.7 file kept)
dist/brand/athar-logo@3x.png,,,,3546x3369,3546x3369,85db7fe8b5c020a33e2ee753ee14eb57c2c0a199c02049e0cd759334a7d98d04,2fdb40e7c9752197c7251213e9b752c2b69e9b503174858e34fc0a62e3374c8d,,n/a,CARRIED (no v1.5.1 counterpart with identical role+pixel size; v1.5.0/v1.4.7 file kept)
dist/brand/athar-mark-only-arabic-white.png,,,,353x403,353x403,f824259492872d39ca9cb96a07461684c9b46542c9a2878f8b64b7474037972c,492575789bb8ae5dc1861b7aede62687d8adb7686e1ef4dda1f61b86f50405a1,,n/a,CARRIED (no v1.5.1 counterpart with identical role+pixel size; v1.5.0/v1.4.7 file kept)
dist/brand/athar-mark-only-arabic.png,,,,353x403,353x403,bfd2d1c47c209dcb5f4df3295cf7fb7f31fc178e14bf0dd7fcf67f5e7ba14fe1,b25d9200929f90d8c701903da9acf7c526188924b02ade29f4e64b43e84b730e,,n/a,CARRIED (no v1.5.1 counterpart with identical role+pixel size; v1.5.0/v1.4.7 file kept)
dist/brand/imagery/step3/plugins-arcs-texture.webp,,,,1200x800,1200x800,5eba3489d669258580a30fd56c6c81365de69ce4883a1b1ccf705d063d80a538,5eba3489d669258580a30fd56c6c81365de69ce4883a1b1ccf705d063d80a538,,n/a,CARRIED (no v1.5.1 counterpart with identical role+pixel size; v1.5.0/v1.4.7 file kept)
dist/partners/airev-mark.png,,,,118x40,118x40,711b6c492f5c305ee504004adae4e6182dc5ef4df293d091bd9bb632fbfb6ad4,711b6c492f5c305ee504004adae4e6182dc5ef4df293d091bd9bb632fbfb6ad4,,n/a,CARRIED (no v1.5.1 counterpart with identical role+pixel size; v1.5.0/v1.4.7 file kept)
dist/partners/ondemand-by-airev-mark.png,,,,128x50,128x50,90ea14d09057ff831b7ed50570720964c8ab79a9affa06b1a376e3813234c506,90ea14d09057ff831b7ed50570720964c8ab79a9affa06b1a376e3813234c506,,n/a,CARRIED (no v1.5.1 counterpart with identical role+pixel size; v1.5.0/v1.4.7 file kept)
dist/partners/review/discord__Discord-Logo-Blurple.svg,,,,635.303x96 (svg user units),635.303x96 (svg user units),2019e341babd68fa21bc622effbb7b9fbd8ef22b02df5ea5d94802dfd50ba55e,2019e341babd68fa21bc622effbb7b9fbd8ef22b02df5ea5d94802dfd50ba55e,,n/a,CARRIED (no v1.5.1 counterpart with identical role+pixel size; v1.5.0/v1.4.7 file kept)
dist/partners/review/gates-foundation__gf-primary-weathered-slate-logo_4by1-ratio-fixed.svg,,,,250x64 (svg user units),250x64 (svg user units),fc9e7928d322328ff04b07d1c28d4c83acc74a48f949e34c065420ee57e67b41,fc9e7928d322328ff04b07d1c28d4c83acc74a48f949e34c065420ee57e67b41,,n/a,CARRIED (no v1.5.1 counterpart with identical role+pixel size; v1.5.0/v1.4.7 file kept)
dist/partners/review/ifrc__Logo-Horizontal-RGB-300ppi.png,,,,3509x1585,3509x1585,126e6c4e90c6cd62221f3cf2246a1c8c8e6b143ac7f74b4bd3f59a95f4ccc18c,126e6c4e90c6cd62221f3cf2246a1c8c8e6b143ac7f74b4bd3f59a95f4ccc18c,,n/a,CARRIED (no v1.5.1 counterpart with identical role+pixel size; v1.5.0/v1.4.7 file kept)
dist/partners/review/mcgovern-foundation__mf-logo.svg,,,,266.583x68.83 (svg user units),266.583x68.83 (svg user units),745ea97b0ac74e9ce719242b1c423d8c46d49da12b69590d5036e881fa5080f7,745ea97b0ac74e9ce719242b1c423d8c46d49da12b69590d5036e881fa5080f7,,n/a,CARRIED (no v1.5.1 counterpart with identical role+pixel size; v1.5.0/v1.4.7 file kept)
dist/partners/review/oda__athar_partner_oda_logo_bw_v1.png,,,,3980x1222,3980x1222,c345d5065e161bd0b09bb73e6f442b68b78544b7cb3984d707941650f7abe73c,c345d5065e161bd0b09bb73e6f442b68b78544b7cb3984d707941650f7abe73c,,n/a,CARRIED (no v1.5.1 counterpart with identical role+pixel size; v1.5.0/v1.4.7 file kept)
dist/partners/review/rockefeller-foundation__RF_logo_screen_green.png,,,,6868x2536,6868x2536,932fc7eeddbf6a6574adef56ad248d7eaa8a33e0c43b6d117c8c3477bf179ce2,932fc7eeddbf6a6574adef56ad248d7eaa8a33e0c43b6d117c8c3477bf179ce2,,n/a,CARRIED (no v1.5.1 counterpart with identical role+pixel size; v1.5.0/v1.4.7 file kept)
dist/partners/review/uae__u-ae-home_logo.svg,,,,189x57 (svg user units),189x57 (svg user units),fda1e30bab4e462439f17f14bafcbaad5d610aef16eb138c8e53d2d91a20c025,fda1e30bab4e462439f17f14bafcbaad5d610aef16eb138c8e53d2d91a20c025,,n/a,CARRIED (no v1.5.1 counterpart with identical role+pixel size; v1.5.0/v1.4.7 file kept)
dist/partners/review/undp__undp-logo-blue.svg,,,,60x122 (svg user units),60x122 (svg user units),49933a6a20cf6b7df3b35f1447edcd04465a382a7c6d6b8d351d96c937a1556f,49933a6a20cf6b7df3b35f1447edcd04465a382a7c6d6b8d351d96c937a1556f,,n/a,CARRIED (no v1.5.1 counterpart with identical role+pixel size; v1.5.0/v1.4.7 file kept)
dist/partners/review/unhcr__logo.svg,,,,175x43 (svg user units),175x43 (svg user units),29e72a759c673f1a02759c489efb42bccdfa5434248f21ad0bc8efd1b96ef7f4,29e72a759c673f1a02759c489efb42bccdfa5434248f21ad0bc8efd1b96ef7f4,,n/a,CARRIED (no v1.5.1 counterpart with identical role+pixel size; v1.5.0/v1.4.7 file kept)
dist/partners/review/unicef__English-Inverse_39.png.webp,,,,1159x150,1159x150,9eb8d64019837ed4732d419bc7262a02a43af3ce6532735315bcc76699164deb,9eb8d64019837ed4732d419bc7262a02a43af3ce6532735315bcc76699164deb,,n/a,CARRIED (no v1.5.1 counterpart with identical role+pixel size; v1.5.0/v1.4.7 file kept)
dist/partners/review/wfp__wfp-logo-standard-blue-en.svg,,,,132x58 (svg user units),132x58 (svg user units),faf3a9a4517e58ae2b63b2eae42a32fbcf4a7e14375049c4a75c1647df86e8c8,faf3a9a4517e58ae2b63b2eae42a32fbcf4a7e14375049c4a75c1647df86e8c8,,n/a,CARRIED (no v1.5.1 counterpart with identical role+pixel size; v1.5.0/v1.4.7 file kept)
dist/partners/review/who__h-logo-blue.svg,,,,580.82x177.96 (svg user units),580.82x177.96 (svg user units),11e3b2a3084ca926a799dd3bff768a11903d86feb985904c5722a6791e145742,11e3b2a3084ca926a799dd3bff768a11903d86feb985904c5722a6791e145742,,n/a,CARRIED (no v1.5.1 counterpart with identical role+pixel size; v1.5.0/v1.4.7 file kept)
dist/texture/section-divider.webp,,,,1536x864,1536x864,bfc8874e225a1a7dcb748b1c5a7d2d48c6f15607d88be912839706a7e5559733,bfc8874e225a1a7dcb748b1c5a7d2d48c6f15607d88be912839706a7e5559733,,n/a,CARRIED (no v1.5.1 counterpart with identical role+pixel size; v1.5.0/v1.4.7 file kept)
dist/video/V1-cover-trace-reveal-poster.png,,,,1280x720,1280x720,f0a800f18a38c08f60e9e7170e93a0f66bd4ef5e5d40a9eaa819d2bf92fbb10c,ed96c0c06c1e6feb1e785aeb8d15aa0e41b58d3014af5fd3fd8bf8a0dd0ddb67,,n/a,CARRIED (no v1.5.1 counterpart with identical role+pixel size; v1.5.0/v1.4.7 file kept)
dist/video/V2-pattern-drift-poster.png,,,,1280x720,1280x720,e3fcc3e30319370103392875c374a91755ba92257828912b2ac9c36183fd821e,5fb0721faa05fb35415275229158262051118431604cca15087701169e6ae093,,n/a,CARRIED (no v1.5.1 counterpart with identical role+pixel size; v1.5.0/v1.4.7 file kept)
dist/video/V3-community-parallax-poster.png,,,,1280x720,1280x720,71cf8cc3c78bb64d4023af2233fa1225e7f8ee10657b69636221eabfc31acf26,71cf8cc3c78bb64d4023af2233fa1225e7f8ee10657b69636221eabfc31acf26,,n/a,CARRIED (no v1.5.1 counterpart with identical role+pixel size; v1.5.0/v1.4.7 file kept)
dist/video/V4-closing-impact-loop-poster.png,,,,1280x720,1280x720,34ffd3bd1189192a42517c2a2a77036633e14a5b84715297f8b647c4d0d00c62,34ffd3bd1189192a42517c2a2a77036633e14a5b84715297f8b647c4d0d00c62,,n/a,CARRIED (no v1.5.1 counterpart with identical role+pixel size; v1.5.0/v1.4.7 file kept)
